Library ID,Original Sample name,SampleType,seq_batch
WBS358,4919,Human fecal samples,1
WBS359,3325,Human fecal samples,1
WBS360,5709,Human fecal samples,1
WBS361,PSA-0371-6,Human fecal samples,1
WBS362,10487,Human fecal samples,1
WBS363,4704,Human fecal samples,1
WBS364,2090,Human fecal samples,1
WBS365,PSA-0261-9,Human fecal samples,1
WBS366,3119,Human fecal samples,1
WBS367,6165,Human fecal samples,1
WBS368,6928,Human fecal samples,1
WBS369,3407,Human fecal samples,1
WBS370,5666,Human fecal samples,1
WBS371,5257,Human fecal samples,1
WBS382,5594,Human fecal samples,1
WBS383,5558,Human fecal samples,1
WBS384,3074,Human fecal samples,1
WBS385,10474,Human fecal samples,1
WBS386,9366,Human fecal samples,1
WBS387,5252,Human fecal samples,1
WBS388,9456,Human fecal samples,1
WBS389,6362,Human fecal samples,1
WBS390,9778,Human fecal samples,1
WBS391,10900,Human fecal samples,1
WBS392,7036,Human fecal samples,1
WBS393,3745,Human fecal samples,1
WBS394,4049,Human fecal samples,1
WBS395,9015,Human fecal samples,1
WBS396,2967,Human fecal samples,1
WBS397,4544,Human fecal samples,1
WBS398,4908,Human fecal samples,1
WBS399,1903,Human fecal samples,1
WBS400,6968,Human fecal samples,1
WBS401,2591,Human fecal samples,1
WBS402,10668,Human fecal samples,1
WBS403,5047,Human fecal samples,1
WBS404,1089,Human fecal samples,1
WBS405,2419,Human fecal samples,1
WBS406,5606,Human fecal samples,1
WBS407,2490,Human fecal samples,1
WBS408,4744,Human fecal samples,1
WBS409,3022,Human fecal samples,1
WBS410,2158,Human fecal samples,1
WBS411,4743,Human fecal samples,1
WBS412,7624,Human fecal samples,1
WBS413,PSA-2270-8,Human fecal samples,1
WBS414,PSA-1190-9,Human fecal samples,1
WBS415,10942,Human fecal samples,1
WBS416,1958,Human fecal samples,1
WBS417,10030,Human fecal samples,1
WBS418,5543,Human fecal samples,1
WBS419,1685,Human fecal samples,1
WBS420,826,Human fecal samples,1
WBS421,4087,Human fecal samples,1
WBS422,PSA-2247-6,Human fecal samples,1
WBS423,2231,Human fecal samples,1
WBS424,5052,Human fecal samples,1
WBS425,6082,Human fecal samples,1
WBS426,PSA-1114-9,Human fecal samples,1
WBS427,PSA-1908-4,Human fecal samples,1
WBS428,PSA-0520-8,Human fecal samples,1
WBS429,3732,Human fecal samples,1
WBS430,1702,Human fecal samples,1
WBS431,PSA-1952-2,Human fecal samples,1
WBS432,PSA-1890-4,Human fecal samples,1
WBS433,PSA-1859-9,Human fecal samples,1
WBS434,PSA-0263-5,Human fecal samples,1
WBS435,2614,Human fecal samples,1
WBS436,1960,Human fecal samples,1
WBS437,PSA-2113-0,Human fecal samples,1
WBS438,PSA-1224-6,Human fecal samples,1
WBS439,1029,Human fecal samples,1
WBS440,9729,Human fecal samples,1
WBS441,7883,Human fecal samples,1
WBS442,PSA-2112-2,Human fecal samples,1
WBS443,PSA-1864-9,Human fecal samples,1
WBS444,6776,Human fecal samples,1
WBS445,PSA-0853-3,Human fecal samples,1
WBS446,PSA-0303-9,Human fecal samples,1
WBS447,PSA-2201-3,Human fecal samples,1
WBS448,1230,Human fecal samples,1
WBS449,3438,Human fecal samples,1
WBS450,5344,Human fecal samples,1
WBS451,5194,Human fecal samples,1
WBS452,3347,Human fecal samples,1
WBS454,10805,Human fecal samples,1
WBS455,10388,Human fecal samples,1
WBS456,9564,Human fecal samples,1
WBS457,10818,Human fecal samples,1
WBS458,10159,Human fecal samples,1
WBS459,9794,Human fecal samples,1
WBS460,9793,Human fecal samples,1
WBS461,9749,Human fecal samples,1
WBS462,8838,Human fecal samples,1
WBS463,10114,Human fecal samples,1
WBS464,9609,Human fecal samples,1
WBS465,10171,Human fecal samples,1
WBS466,10876,Human fecal samples,1
WBS467,9706,Human fecal samples,1
WBS468,6268,Human fecal samples,1
WBS469,7352,Human fecal samples,1
WBS470,7336,Human fecal samples,1
WBS471,6042,Human fecal samples,1
WBS472,9946,Human fecal samples,1
WBS473,9126,Human fecal samples,1
WBS474,10807,Human fecal samples,1
WBS475,6451,Human fecal samples,1
WBS476,5038,Human fecal samples,1
WBS477,6502,Human fecal samples,1
WBS1000,PSA-0353-4,Human fecal samples,3
WBS1001,PSA-0355-9,Human fecal samples,3
WBS1002,PSA-0356-7,Human fecal samples,3
WBS1003,PSA-0365-8,Human fecal samples,3
WBS1004,PSA-0387-2,Human fecal samples,3
WBS1005,PSA-0400-3,Human fecal samples,3
WBS1006,PSA-0415-1,Human fecal samples,3
WBS1007,PSA-0428-4,Human fecal samples,3
WBS1008,PSA-0432-6,Human fecal samples,3
WBS1009,PSA-0450-8,Human fecal samples,3
WBS1010,PSA-0484-7,Human fecal samples,3
WBS1011,PSA-0491-2,Human fecal samples,3
WBS1012,PSA-0492-0,Human fecal samples,3
WBS1013,PSA-0495-3,Human fecal samples,3
WBS1014,PSA-0541-4,Human fecal samples,3
WBS1015,PSA-0546-3,Human fecal samples,3
WBS1016,PSA-0549-7,Human fecal samples,3
WBS1017,PSA-0589-3,Human fecal samples,3
WBS1018,PSA-0599-2,Human fecal samples,3
WBS1019,PSA-0618-0,Human fecal samples,3
WBS1020,PSA-0637-0,Human fecal samples,3
WBS1021,PSA-0642-0,Human fecal samples,3
WBS1022,PSA-0652-9,Human fecal samples,3
WBS1023,PSA-0675-0,Human fecal samples,3
WBS1024,PSA-0682-6,Human fecal samples,3
WBS1025,PSA-0688-3,Human fecal samples,3
WBS1026,PSA-0696-6,Human fecal samples,3
WBS1027,PSA-0704-8,Human fecal samples,3
WBS1028,PSA-0721-2,Human fecal samples,3
WBS1030,PSA-0723-8,Human fecal samples,3
WBS1031,PSA-0724-6,Human fecal samples,3
WBS1032,PSA-0725-3,Human fecal samples,3
WBS1033,PSA-0766-7,Human fecal samples,3
WBS1034,PSA-0804-6,Human fecal samples,3
WBS1035,PSA-0817-8,Human fecal samples,3
WBS1036,PSA-0875-6,Human fecal samples,3
WBS1037,PSA-0915-0,Human fecal samples,3
WBS1038,10689,Human fecal samples,3
WBS1039,10690,Human fecal samples,3
WBS1040,10691,Human fecal samples,3
WBS1041,10692,Human fecal samples,3
WBS1042,10695,Human fecal samples,3
WBS1043,10697,Human fecal samples,3
WBS1044,10700,Human fecal samples,3
WBS1045,10701,Human fecal samples,3
WBS1046,PSA-0925-9,Human fecal samples,3
WBS1047,PSA-0927-5,Human fecal samples,3
WBS1048,PSA-0982-0,Human fecal samples,3
WBS1049,PSA-1003-4,Human fecal samples,3
WBS1050,PSA-1029-9,Human fecal samples,3
WBS1051,PSA-1085-1,Human fecal samples,3
WBS1052,PSA-1115-6,Human fecal samples,3
WBS1053,PSA-1173-5,Human fecal samples,3
WBS1054,PSA-1201-4,Human fecal samples,3
WBS1055,PSA-1203-0,Human fecal samples,3
WBS1056,PSA-1256-8,Human fecal samples,3
WBS1057,PSA-1267-5,Human fecal samples,3
WBS1058,PSA-1268-3,Human fecal samples,3
WBS1059,PSA-1307-9,Human fecal samples,3
WBS1060,PSA-1310-3,Human fecal samples,3
WBS1061,PSA-1313-7,Human fecal samples,3
WBS1062,PSA-1327-7,Human fecal samples,3
WBS1063,PSA-1350-9,Human fecal samples,3
WBS1064,PSA-1407-7,Human fecal samples,3
WBS1065,PSA-1418-4,Human fecal samples,3
WBS1066,PSA-1452-3,Human fecal samples,3
WBS1067,PSA-1459-8,Human fecal samples,3
WBS1068,PSA-1476-2,Human fecal samples,3
WBS1069,PSA-1485-3,Human fecal samples,3
WBS1070,PSA-1526-4,Human fecal samples,3
WBS1071,PSA-1537-1,Human fecal samples,3
WBS1072,PSA-1544-7,Human fecal samples,3
WBS1073,PSA-1591-8,Human fecal samples,3
WBS1074,PSA-1597-5,Human fecal samples,3
WBS1075,PSA-1601-5,Human fecal samples,3
WBS1076,PSA-1629-6,Human fecal samples,3
WBS1077,PSA-1630-4,Human fecal samples,3
WBS1078,PSA-1643-7,Human fecal samples,3
WBS1079,PSA-1669-2,Human fecal samples,3
WBS1080,PSA-1676-7,Human fecal samples,3
WBS1081,PSA-1700-5,Human fecal samples,3
WBS1082,PSA-1705-4,Human fecal samples,3
WBS1083,PSA-1724-5,Human fecal samples,3
WBS1084,PSA-1726-0,Human fecal samples,3
WBS1085,PSA-1746-8,Human fecal samples,3
WBS1086,PSA-1762-5,Human fecal samples,3
WBS1087,PSA-1792-2,Human fecal samples,3
WBS1088,PSA-1793-0,Human fecal samples,3
WBS1089,PSA-1818-5,Human fecal samples,3
WBS1090,PSA-1819-3,Human fecal samples,3
WBS1091,PSA-1840-9,Human fecal samples,3
WBS1092,PSA-1841-7,Human fecal samples,3
WBS1093,PSA-1844-1,Human fecal samples,3
WBS1094,PSA-1860-7,Human fecal samples,3
WBS1095,PSA-1876-3,Human fecal samples,3
WBS1096,PSA-1887-0,Human fecal samples,3
WBS1097,PSA-1951-4,Human fecal samples,3
WBS1098,PSA-1956-3,Human fecal samples,3
WBS1099,PSA-1973-8,Human fecal samples,3
WBS1100,PSA-1975-3,Human fecal samples,3
WBS1101,PSA-1986-0,Human fecal samples,3
WBS1102,PSA-1990-2,Human fecal samples,3
WBS1103,PSA-1998-5,Human fecal samples,3
WBS1104,PSA-2042-1,Human fecal samples,3
WBS1105,PSA-2057-9,Human fecal samples,3
WBS1106,PSA-2062-9,Human fecal samples,3
WBS1107,PSA-2084-3,Human fecal samples,3
WBS1108,PSA-2088-4,Human fecal samples,3
WBS1109,PSA-2089-2,Human fecal samples,3
WBS1110,PSA-2119-7,Human fecal samples,3
WBS1111,PSA-2131-2,Human fecal samples,3
WBS1112,PSA-2137-9,Human fecal samples,3
WBS1113,PSA-2140-3,Human fecal samples,3
WBS1114,PSA-2148-6,Human fecal samples,3
WBS1115,PSA-2173-4,Human fecal samples,3
WBS1116,PSA-2205-4,Human fecal samples,3
WBS1117,PSA-2217-9,Human fecal samples,3
WBS1118,PSA-2224-5,Human fecal samples,3
WBS1119,PSA-2233-6,Human fecal samples,3
WBS1120,PSA-2235-1,Human fecal samples,3
WBS1121,PSA-2238-5,Human fecal samples,3
WBS1122,PSA-2239-3,Human fecal samples,3
WBS1123,PSA-2251-8,Human fecal samples,3
WBS1124,PSA-2256-7,Human fecal samples,3
WBS1125,PSA-2262-5,Human fecal samples,3
WBS1126,PSA-2266-6,Human fecal samples,3
WBS1127,PSA-2269-0,Human fecal samples,3
WBS1172,PSA-2271-6,Human fecal samples,3
WBS1173,PSA-2272-4,Human fecal samples,3
WBS1174,PSA-2273-2,Human fecal samples,3
WBS1175,PSA-2347-4,Human fecal samples,3
WBS1176,PSA-2357-3,Human fecal samples,3
WBS1178,PSA-2361-5,Human fecal samples,3
WBS1179,PSA-2362-3,Human fecal samples,3
WBS1180,PSA-2372-2,Human fecal samples,3
WBS1181,PSA-2381-3,Human fecal samples,3
WBS1182,PSA-2382-1,Human fecal samples,3
WBS1183,PSA-2383-9,Human fecal samples,3
WBS1184,PSA-2412-6,Human fecal samples,3
WBS1185,PSA-2428-2,Human fecal samples,3
WBS1186,PSA-2447-2,Human fecal samples,3
WBS1187,PSA-2450-6,Human fecal samples,3
WBS1188,PSA-2456-3,Human fecal samples,3
WBS1189,PSA-2509-9,Human fecal samples,3
WBS1190,PSA-2510-7,Human fecal samples,3
WBS1191,PSA-2517-2,Human fecal samples,3
WBS1192,PSA-2570-1,Human fecal samples,3
WBS1193,PSA-2585-9,Human fecal samples,3
WBS1194,PSA-2594-1,Human fecal samples,3
WBS1195,PSA-2620-4,Human fecal samples,3
WBS1196,PSA-2687-3,Human fecal samples,3
WBS1197,PSA-2702-0,Human fecal samples,3
WBS1198,PSA-2719-4,Human fecal samples,3
WBS1199,PSA-2743-4,Human fecal samples,3
WBS1200,PSA-2767-3,Human fecal samples,3
WBS1201,PSA-2791-3,Human fecal samples,3
WBS1202,PSA-2809-3,Human fecal samples,3
WBS1203,PSA-2814-3,Human fecal samples,3
WBS1204,PSA-2860-6,Human fecal samples,3
WBS1205,PSA-2869-7,Human fecal samples,3
WBS1206,PSA-2886-1,Human fecal samples,3
WBS1207,PSA-2891-1,Human fecal samples,3
WBS1208,PSA-2897-8,Human fecal samples,3
WBS1209,PSA-2903-4,Human fecal samples,3
WBS1210,PSA-2937-2,Human fecal samples,3
WBS1211,PSA-3006-5,Human fecal samples,3
WBS1212,PSA-3046-1,Human fecal samples,3
WBS372,824,Human fecal samples,1
WBS373,825,Human fecal samples,1
WBS374,843,Human fecal samples,1
WBS375,867,Human fecal samples,1
WBS376,872,Human fecal samples,1
WBS377,873,Human fecal samples,1
WBS378,877,Human fecal samples,1
WBS379,878,Human fecal samples,1
WBS380,882,Human fecal samples,1
WBS381,887,Human fecal samples,1
WBS478,888,Human fecal samples,1
WBS479,11019,Human fecal samples,1
WBS480,PSA-0153-8,Human fecal samples,1
WBS481,PSA-0435-9,Human fecal samples,1
WBS482,PSA-1205-5,Human fecal samples,1
WBS483,PSA-1663-5,Human fecal samples,1
WBS484,PSA-1664-3,Human fecal samples,1
WBS485,PSA-1835-9,Human fecal samples,1
WBS486,PSA-1883-9,Human fecal samples,1
WBS487,PSA-1885-4,Human fecal samples,1
WBS488,PSA-1939-9,Human fecal samples,1
WBS489,PSA-1987-8,Human fecal samples,1
WBS490,PSA-2404-3,Human fecal samples,1
WBS491,PSA-2416-7,Human fecal samples,1
WBS492,PSA-2418-3,Human fecal samples,1
WBS493,PSA-2432-4,Human fecal samples,1
WBS494,PSA-2449-8,Human fecal samples,1
WBS495,PSA-2727-7,Human fecal samples,1
WBS496,PSA-2739-2,Human fecal samples,1
WBS497,PSA-2801-0,Human fecal samples,1
WBS498,PSA-2957-0,Human fecal samples,1
WBS499,PSA-2969-5,Human fecal samples,1
WBS500,PSA-2971-1,Human fecal samples,1
WBS501,PSA-3012-3,Human fecal samples,1
WBS502,PSA-3030-5,Human fecal samples,1
WBS503,573,Human fecal samples,1
WBS504,626,Human fecal samples,1
WBS505,676,Human fecal samples,1
WBS506,681,Human fecal samples,1
WBS507,687,Human fecal samples,1
WBS508,772,Human fecal samples,1
WBS509,802,Human fecal samples,1
WBS510,809,Human fecal samples,1
WBS511,836,Human fecal samples,1
WBS512,856,Human fecal samples,1
WBS513,874,Human fecal samples,1
WBS514,875,Human fecal samples,1
WBS515,886,Human fecal samples,1
WBS516,9842,Human fecal samples,1
WBS517,9845,Human fecal samples,1
WBS518,9860,Human fecal samples,1
WBS519,9861,Human fecal samples,1
WBS520,9918,Human fecal samples,1
WBS521,9935,Human fecal samples,1
WBS522,9936,Human fecal samples,1
WBS523,9962,Human fecal samples,1
WBS524,10039,Human fecal samples,1
WBS525,10042,Human fecal samples,1
WBS526,10045,Human fecal samples,1
WBS527,10093,Human fecal samples,1
WBS528,10099,Human fecal samples,1
WBS529,10145,Human fecal samples,1
WBS530,10156,Human fecal samples,1
WBS531,10208,Human fecal samples,1
WBS532,10248,Human fecal samples,1
WBS533,10302,Human fecal samples,1
WBS534,10332,Human fecal samples,1
WBS535,10372,Human fecal samples,1
WBS536,10401,Human fecal samples,1
WBS537,10417,Human fecal samples,1
WBS538,10420,Human fecal samples,1
WBS539,10421,Human fecal samples,1
WBS540,10465,Human fecal samples,1
WBS541,10466,Human fecal samples,1
WBS542,10481,Human fecal samples,1
WBS543,10662,Human fecal samples,1
WBS544,10679,Human fecal samples,1
WBS545,10704,Human fecal samples,1
WBS546,10819,Human fecal samples,1
WBS547,10825,Human fecal samples,1
WBS548,10833,Human fecal samples,1
WBS550,PSA-0014-2,Human fecal samples,1
WBS551,PSA-0929-1,Human fecal samples,1
WBS552,PSA-1446-5,Human fecal samples,1
WBS553,PSA-1482-0,Human fecal samples,1
WBS554,PSA-1587-6,Human fecal samples,1
WBS555,PSA-1755-9,Human fecal samples,1
WBS556,PSA-1884-7,Human fecal samples,1
WBS557,PSA-2145-2,Human fecal samples,1
WBS558,PSA-2146-0,Human fecal samples,1
WBS559,PSA-2277-3,Human fecal samples,1
WBS560,PSA-2329-2,Human fecal samples,1
WBS561,PSA-2345-8,Human fecal samples,1
WBS562,PSA-2385-4,Human fecal samples,1
WBS563,PSA-2454-8,Human fecal samples,1
WBS564,PSA-2489-4,Human fecal samples,1
WBS565,PSA-2501-6,Human fecal samples,1
WBS566,PSA-2513-1,Human fecal samples,1
WBS567,PSA-2516-4,Human fecal samples,1
WBS568,500,Human fecal samples,1
WBS569,523,Human fecal samples,1
WBS570,582,Human fecal samples,1
WBS571,636,Human fecal samples,1
WBS572,639,Human fecal samples,1
WBS573,697,Human fecal samples,1
WBS574,740,Human fecal samples,1
WBS575,741,Human fecal samples,1
WBS576,774,Human fecal samples,1
WBS577,782,Human fecal samples,1
WBS578,786,Human fecal samples,1
WBS579,795,Human fecal samples,1
WBS580,810,Human fecal samples,1
WBS581,858,Human fecal samples,1
WBS582,881,Human fecal samples,1
WBS583,883,Human fecal samples,1
WBS584,884,Human fecal samples,1
WBS585,9863,Human fecal samples,1
WBS586,9874,Human fecal samples,1
WBS587,9888,Human fecal samples,1
WBS588,9889,Human fecal samples,1
WBS589,9891,Human fecal samples,1
WBS590,9902,Human fecal samples,1
WBS591,9923,Human fecal samples,1
WBS592,9939,Human fecal samples,1
WBS593,9956,Human fecal samples,1
WBS594,9957,Human fecal samples,1
WBS595,9958,Human fecal samples,1
WBS596,9959,Human fecal samples,1
WBS597,9970,Human fecal samples,1
WBS598,9971,Human fecal samples,1
WBS599,9973,Human fecal samples,1
WBS600,9978,Human fecal samples,1
WBS601,9979,Human fecal samples,1
WBS602,9980,Human fecal samples,1
WBS603,9984,Human fecal samples,1
WBS604,9985,Human fecal samples,1
WBS605,9987,Human fecal samples,1
WBS606,9988,Human fecal samples,1
WBS607,9997,Human fecal samples,1
WBS608,10004,Human fecal samples,1
WBS609,10005,Human fecal samples,1
WBS610,10026,Human fecal samples,1
WBS611,10056,Human fecal samples,1
WBS612,10057,Human fecal samples,1
WBS613,10059,Human fecal samples,1
WBS614,10060,Human fecal samples,1
WBS615,10061,Human fecal samples,1
WBS616,10064,Human fecal samples,1
WBS617,10065,Human fecal samples,1
WBS618,10081,Human fecal samples,1
WBS619,10091,Human fecal samples,1
WBS620,10092,Human fecal samples,1
WBS621,10094,Human fecal samples,1
WBS622,10096,Human fecal samples,1
WBS623,10102,Human fecal samples,1
WBS624,10105,Human fecal samples,1
WBS625,10106,Human fecal samples,1
WBS626,10115,Human fecal samples,1
WBS627,10128,Human fecal samples,1
WBS628,10138,Human fecal samples,1
WBS629,10139,Human fecal samples,1
WBS630,10141,Human fecal samples,1
WBS631,10143,Human fecal samples,1
WBS632,10146,Human fecal samples,1
WBS633,10147,Human fecal samples,1
WBS634,10148,Human fecal samples,1
WBS635,10154,Human fecal samples,1
WBS636,10193,Human fecal samples,1
WBS637,10195,Human fecal samples,1
WBS638,10240,Human fecal samples,2
WBS639,10252,Human fecal samples,2
WBS640,10267,Human fecal samples,2
WBS641,10275,Human fecal samples,2
WBS642,10276,Human fecal samples,2
WBS643,10278,Human fecal samples,2
WBS644,10280,Human fecal samples,2
WBS646,10282,Human fecal samples,2
WBS647,10283,Human fecal samples,2
WBS648,10286,Human fecal samples,2
WBS649,10287,Human fecal samples,2
WBS650,10291,Human fecal samples,2
WBS651,10306,Human fecal samples,2
WBS652,10308,Human fecal samples,2
WBS653,10310,Human fecal samples,2
WBS654,10313,Human fecal samples,2
WBS655,10314,Human fecal samples,2
WBS656,10329,Human fecal samples,2
WBS657,10331,Human fecal samples,2
WBS658,10334,Human fecal samples,2
WBS659,10335,Human fecal samples,2
WBS660,10336,Human fecal samples,2
WBS661,10338,Human fecal samples,2
WBS662,10342,Human fecal samples,2
WBS663,10344,Human fecal samples,2
WBS664,10347,Human fecal samples,2
WBS665,10351,Human fecal samples,2
WBS666,10356,Human fecal samples,2
WBS667,10357,Human fecal samples,2
WBS668,10362,Human fecal samples,2
WBS669,10365,Human fecal samples,2
WBS670,10369,Human fecal samples,2
WBS671,10370,Human fecal samples,2
WBS672,10374,Human fecal samples,2
WBS673,10386,Human fecal samples,2
WBS674,10387,Human fecal samples,2
WBS675,10389,Human fecal samples,2
WBS676,10391,Human fecal samples,2
WBS677,10392,Human fecal samples,2
WBS678,10393,Human fecal samples,2
WBS679,10395,Human fecal samples,2
WBS680,10400,Human fecal samples,2
WBS681,10405,Human fecal samples,2
WBS682,10425,Human fecal samples,2
WBS683,10430,Human fecal samples,2
WBS684,10440,Human fecal samples,2
WBS685,10449,Human fecal samples,2
WBS686,10457,Human fecal samples,2
WBS687,10459,Human fecal samples,2
WBS688,10470,Human fecal samples,2
WBS689,10471,Human fecal samples,2
WBS690,10483,Human fecal samples,2
WBS691,10484,Human fecal samples,2
WBS692,10485,Human fecal samples,2
WBS693,10486,Human fecal samples,2
WBS694,10488,Human fecal samples,2
WBS695,10491,Human fecal samples,2
WBS696,10493,Human fecal samples,2
WBS697,10497,Human fecal samples,2
WBS698,10499,Human fecal samples,2
WBS699,10500,Human fecal samples,2
WBS700,10502,Human fecal samples,2
WBS701,10503,Human fecal samples,2
WBS702,10504,Human fecal samples,2
WBS703,10508,Human fecal samples,2
WBS704,10509,Human fecal samples,2
WBS705,10510,Human fecal samples,2
WBS706,10511,Human fecal samples,2
WBS707,10517,Human fecal samples,2
WBS708,10522,Human fecal samples,2
WBS709,10523,Human fecal samples,2
WBS710,10531,Human fecal samples,2
WBS711,10535,Human fecal samples,2
WBS712,10536,Human fecal samples,2
WBS713,10543,Human fecal samples,2
WBS714,10545,Human fecal samples,2
WBS715,10546,Human fecal samples,2
WBS716,10547,Human fecal samples,2
WBS717,10551,Human fecal samples,2
WBS718,10561,Human fecal samples,2
WBS719,10562,Human fecal samples,2
WBS720,10563,Human fecal samples,2
WBS721,10564,Human fecal samples,2
WBS722,10566,Human fecal samples,2
WBS723,10570,Human fecal samples,2
WBS724,10571,Human fecal samples,2
WBS725,10575,Human fecal samples,2
WBS726,10576,Human fecal samples,2
WBS727,10577,Human fecal samples,2
WBS728,10578,Human fecal samples,2
WBS729,10579,Human fecal samples,2
WBS730,10580,Human fecal samples,2
WBS731,10582,Human fecal samples,2
WBS732,10583,Human fecal samples,2
WBS733,10584,Human fecal samples,2
WBS734,10585,Human fecal samples,2
WBS735,10586,Human fecal samples,2
WBS736,10587,Human fecal samples,2
WBS737,10588,Human fecal samples,2
WBS738,10590,Human fecal samples,2
WBS739,10591,Human fecal samples,2
WBS740,10593,Human fecal samples,2
WBS742,10594,Human fecal samples,2
WBS743,10596,Human fecal samples,2
WBS744,10597,Human fecal samples,2
WBS745,10602,Human fecal samples,2
WBS746,10606,Human fecal samples,2
WBS747,10607,Human fecal samples,2
WBS748,10609,Human fecal samples,2
WBS749,10611,Human fecal samples,2
WBS750,10615,Human fecal samples,2
WBS751,10616,Human fecal samples,2
WBS752,10617,Human fecal samples,2
WBS753,10618,Human fecal samples,2
WBS754,10619,Human fecal samples,2
WBS755,10621,Human fecal samples,2
WBS756,10622,Human fecal samples,2
WBS757,10635,Human fecal samples,2
WBS758,10640,Human fecal samples,2
WBS759,10648,Human fecal samples,2
WBS760,10652,Human fecal samples,2
WBS761,10653,Human fecal samples,2
WBS762,10657,Human fecal samples,2
WBS763,10658,Human fecal samples,2
WBS764,10660,Human fecal samples,2
WBS765,10664,Human fecal samples,2
WBS766,10665,Human fecal samples,2
WBS767,10667,Human fecal samples,2
WBS768,10669,Human fecal samples,2
WBS769,10681,Human fecal samples,2
WBS770,10682,Human fecal samples,2
WBS771,10684,Human fecal samples,2
WBS772,10687,Human fecal samples,2
WBS773,10688,Human fecal samples,2
WBS782,10703,Human fecal samples,2
WBS783,10706,Human fecal samples,2
WBS784,10709,Human fecal samples,2
WBS785,10714,Human fecal samples,2
WBS786,10715,Human fecal samples,2
WBS787,10716,Human fecal samples,2
WBS788,10721,Human fecal samples,2
WBS789,10722,Human fecal samples,2
WBS790,10723,Human fecal samples,2
WBS791,10725,Human fecal samples,2
WBS792,10728,Human fecal samples,2
WBS793,10735,Human fecal samples,2
WBS794,10736,Human fecal samples,2
WBS795,10737,Human fecal samples,2
WBS796,10741,Human fecal samples,2
WBS797,10743,Human fecal samples,2
WBS798,10747,Human fecal samples,2
WBS799,10748,Human fecal samples,2
WBS800,10749,Human fecal samples,2
WBS801,10753,Human fecal samples,2
WBS802,10754,Human fecal samples,2
WBS803,10755,Human fecal samples,2
WBS804,10756,Human fecal samples,2
WBS805,10758,Human fecal samples,2
WBS806,10759,Human fecal samples,2
WBS807,10762,Human fecal samples,2
WBS808,10765,Human fecal samples,2
WBS809,10768,Human fecal samples,2
WBS810,10771,Human fecal samples,2
WBS811,10772,Human fecal samples,2
WBS812,10775,Human fecal samples,2
WBS813,10776,Human fecal samples,2
WBS814,10778,Human fecal samples,2
WBS815,10779,Human fecal samples,2
WBS816,10782,Human fecal samples,2
WBS817,10784,Human fecal samples,2
WBS818,10789,Human fecal samples,2
WBS819,10790,Human fecal samples,2
WBS820,10791,Human fecal samples,2
WBS821,10797,Human fecal samples,2
WBS822,10803,Human fecal samples,2
WBS823,10804,Human fecal samples,2
WBS824,10808,Human fecal samples,2
WBS825,10812,Human fecal samples,2
WBS826,10814,Human fecal samples,2
WBS827,10821,Human fecal samples,2
WBS828,10822,Human fecal samples,2
WBS829,10827,Human fecal samples,2
WBS830,10828,Human fecal samples,2
WBS831,10831,Human fecal samples,2
WBS832,10835,Human fecal samples,2
WBS833,10836,Human fecal samples,2
WBS834,10847,Human fecal samples,2
WBS835,10852,Human fecal samples,2
WBS836,10853,Human fecal samples,2
WBS838,10855,Human fecal samples,2
WBS839,10861,Human fecal samples,2
WBS840,10862,Human fecal samples,2
WBS841,10867,Human fecal samples,2
WBS842,10874,Human fecal samples,2
WBS843,10875,Human fecal samples,2
WBS844,10877,Human fecal samples,2
WBS845,10882,Human fecal samples,2
WBS846,10883,Human fecal samples,2
WBS847,10884,Human fecal samples,2
WBS848,10885,Human fecal samples,2
WBS849,10887,Human fecal samples,2
WBS850,10889,Human fecal samples,2
WBS851,10890,Human fecal samples,2
WBS852,10897,Human fecal samples,2
WBS853,10899,Human fecal samples,2
WBS854,10902,Human fecal samples,2
WBS855,10903,Human fecal samples,2
WBS856,10905,Human fecal samples,2
WBS857,10907,Human fecal samples,2
WBS858,10908,Human fecal samples,2
WBS859,10909,Human fecal samples,2
WBS860,10914,Human fecal samples,2
WBS861,10916,Human fecal samples,2
WBS862,10918,Human fecal samples,2
WBS863,10920,Human fecal samples,2
WBS864,10923,Human fecal samples,2
WBS865,10924,Human fecal samples,2
WBS866,10925,Human fecal samples,2
WBS867,10926,Human fecal samples,2
WBS868,10928,Human fecal samples,2
WBS869,10929,Human fecal samples,2
WBS870,10930,Human fecal samples,2
WBS871,10931,Human fecal samples,2
WBS872,10936,Human fecal samples,2
WBS873,10937,Human fecal samples,2
WBS874,10938,Human fecal samples,2
WBS875,10939,Human fecal samples,2
WBS876,10950,Human fecal samples,2
WBS877,10952,Human fecal samples,2
WBS878,10956,Human fecal samples,2
WBS879,10959,Human fecal samples,2
WBS880,10960,Human fecal samples,2
WBS881,10976,Human fecal samples,2
WBS882,10977,Human fecal samples,2
WBS883,10978,Human fecal samples,2
WBS884,10984,Human fecal samples,2
WBS885,10987,Human fecal samples,2
WBS886,10988,Human fecal samples,2
WBS887,10989,Human fecal samples,2
WBS888,10990,Human fecal samples,2
WBS889,10991,Human fecal samples,2
WBS890,PSA-0009-2,Human fecal samples,2
WBS891,PSA-0010-0,Human fecal samples,2
WBS892,PSA-0011-8,Human fecal samples,2
WBS893,PSA-0012-6,Human fecal samples,2
WBS894,PSA-0013-4,Human fecal samples,2
WBS895,PSA-0015-9,Human fecal samples,2
WBS896,PSA-0016-7,Human fecal samples,2
WBS897,PSA-0019-1,Human fecal samples,2
WBS898,PSA-0021-7,Human fecal samples,2
WBS899,PSA-0026-6,Human fecal samples,2
WBS900,PSA-0031-6,Human fecal samples,2
WBS901,PSA-0035-7,Human fecal samples,2
WBS902,PSA-0040-7,Human fecal samples,2
WBS903,PSA-0041-5,Human fecal samples,2
WBS904,PSA-0042-3,Human fecal samples,2
WBS905,PSA-0044-9,Human fecal samples,2
WBS906,PSA-0046-4,Human fecal samples,2
WBS907,PSA-0047-2,Human fecal samples,2
WBS908,PSA-0056-3,Human fecal samples,2
WBS909,PSA-0058-9,Human fecal samples,2
WBS910,PSA-0059-7,Human fecal samples,2
WBS911,PSA-0061-3,Human fecal samples,2
WBS912,PSA-0062-1,Human fecal samples,2
WBS913,PSA-0063-9,Human fecal samples,2
WBS914,PSA-0064-7,Human fecal samples,2
WBS915,PSA-0067-0,Human fecal samples,2
WBS916,PSA-0070-4,Human fecal samples,2
WBS917,PSA-0072-0,Human fecal samples,2
WBS918,PSA-0075-3,Human fecal samples,3
WBS919,PSA-0076-1,Human fecal samples,3
WBS920,PSA-0077-9,Human fecal samples,3
WBS921,PSA-0078-7,Human fecal samples,3
WBS922,PSA-0079-5,Human fecal samples,3
WBS923,PSA-0080-3,Human fecal samples,3
WBS924,PSA-0089-4,Human fecal samples,3
WBS925,PSA-0096-9,Human fecal samples,3
WBS926,PSA-0097-7,Human fecal samples,3
WBS927,PSA-0098-5,Human fecal samples,3
WBS928,PSA-0104-1,Human fecal samples,3
WBS929,PSA-0105-8,Human fecal samples,3
WBS930,PSA-0106-6,Human fecal samples,3
WBS931,PSA-0107-4,Human fecal samples,3
WBS932,PSA-0114-0,Human fecal samples,3
WBS934,PSA-0115-7,Human fecal samples,3
WBS935,PSA-0117-3,Human fecal samples,3
WBS936,PSA-0118-1,Human fecal samples,3
WBS937,PSA-0120-7,Human fecal samples,3
WBS938,PSA-0124-9,Human fecal samples,3
WBS939,PSA-0125-6,Human fecal samples,3
WBS940,PSA-0128-0,Human fecal samples,3
WBS941,PSA-0133-0,Human fecal samples,3
WBS942,PSA-0136-3,Human fecal samples,3
WBS943,PSA-0137-1,Human fecal samples,3
WBS944,PSA-0139-7,Human fecal samples,3
WBS945,PSA-0157-9,Human fecal samples,3
WBS946,PSA-0158-7,Human fecal samples,3
WBS947,PSA-0159-5,Human fecal samples,3
WBS948,PSA-0161-1,Human fecal samples,3
WBS949,PSA-0164-5,Human fecal samples,3
WBS950,PSA-0171-0,Human fecal samples,3
WBS951,PSA-0172-8,Human fecal samples,3
WBS952,PSA-0175-1,Human fecal samples,3
WBS953,PSA-0187-6,Human fecal samples,3
WBS954,PSA-0195-9,Human fecal samples,3
WBS955,PSA-0197-5,Human fecal samples,3
WBS956,PSA-0200-7,Human fecal samples,3
WBS957,PSA-0201-5,Human fecal samples,3
WBS958,PSA-0208-0,Human fecal samples,3
WBS959,PSA-0211-4,Human fecal samples,3
WBS960,PSA-0215-5,Human fecal samples,3
WBS961,PSA-0223-9,Human fecal samples,3
WBS962,PSA-0236-1,Human fecal samples,3
WBS963,PSA-0237-9,Human fecal samples,3
WBS964,PSA-0241-1,Human fecal samples,3
WBS965,PSA-0244-5,Human fecal samples,3
WBS966,PSA-0245-2,Human fecal samples,3
WBS967,PSA-0246-0,Human fecal samples,3
WBS968,PSA-0253-6,Human fecal samples,3
WBS969,PSA-0254-4,Human fecal samples,3
WBS970,PSA-0257-7,Human fecal samples,3
WBS971,PSA-0259-3,Human fecal samples,3
WBS972,PSA-0264-3,Human fecal samples,3
WBS973,PSA-0280-9,Human fecal samples,3
WBS974,PSA-0283-3,Human fecal samples,3
WBS975,PSA-0284-1,Human fecal samples,3
WBS976,PSA-0286-6,Human fecal samples,3
WBS977,PSA-0287-4,Human fecal samples,3
WBS978,PSA-0289-0,Human fecal samples,3
WBS979,PSA-0290-8,Human fecal samples,3
WBS980,PSA-0291-6,Human fecal samples,3
WBS981,PSA-0292-4,Human fecal samples,3
WBS982,PSA-0294-0,Human fecal samples,3
WBS983,PSA-0301-3,Human fecal samples,3
WBS984,PSA-0308-8,Human fecal samples,3
WBS985,PSA-0310-4,Human fecal samples,3
WBS986,PSA-0312-0,Human fecal samples,3
WBS987,PSA-0316-1,Human fecal samples,3
WBS988,PSA-0322-9,Human fecal samples,3
WBS989,PSA-0325-2,Human fecal samples,3
WBS990,PSA-0328-6,Human fecal samples,3
WBS991,PSA-0330-2,Human fecal samples,3
WBS992,PSA-0331-0,Human fecal samples,3
WBS993,PSA-0335-1,Human fecal samples,3
WBS994,PSA-0343-5,Human fecal samples,3
WBS995,PSA-0344-3,Human fecal samples,3
WBS996,PSA-0346-8,Human fecal samples,3
WBS997,PSA-0348-4,Human fecal samples,3
WBS998,PSA-0350-0,Human fecal samples,3
WBS999,PSA-0352-6,Human fecal samples,3
WHS328,9817,Human fecal samples,3
WHS329,9834,Human fecal samples,3
WHS330,9895,Human fecal samples,3
WHS331,9914,Human fecal samples,3
WHS332,9915,Human fecal samples,3
WHS333,9951,Human fecal samples,3
WHS334,9968,Human fecal samples,3
WHS335,10202,Human fecal samples,3
WHS336,10245,Human fecal samples,3
WHS337,10595,Human fecal samples,3
WHS338,10671,Human fecal samples,3
WHS339,10673,Human fecal samples,3
WHS340,10674,Human fecal samples,3
WHS341,10876,Human fecal samples,3
WHS343,11005,Human fecal samples,3
WHS344,11021,Human fecal samples,3
WHS345,515,Human fecal samples,3
WHS346,707,Human fecal samples,3
WHS347,513,Human fecal samples,3
WHS348,848,Human fecal samples,3
WHS349,657,Human fecal samples,3
WHS350,844,Human fecal samples,3
WHS351,855,Human fecal samples,3
WHS352,9830,Human fecal samples,3
WHS353,9846,Human fecal samples,3
WHS354,9897,Human fecal samples,3
WHS355,9977,Human fecal samples,3
WHS356,10006,Human fecal samples,3
WHS357,10012,Human fecal samples,3
WHS358,10040,Human fecal samples,3
WHS359,10058,Human fecal samples,3
WHS360,10130,Human fecal samples,3
WHS361,10221,Human fecal samples,3
WHS362,10371,Human fecal samples,3
WHS363,10375,Human fecal samples,3
WHS364,10416,Human fecal samples,3
WHS365,10422,Human fecal samples,3
WHS366,10437,Human fecal samples,3
WHS367,10464,Human fecal samples,3
WHS368,10538,Human fecal samples,3
WHS369,10549,Human fecal samples,3
WHS370,10557,Human fecal samples,3
WHS371,10605,Human fecal samples,3
WHS372,10680,Human fecal samples,3
WHS373,10705,Human fecal samples,3
WHS374,10774,Human fecal samples,3
WHS375,10848,Human fecal samples,3
WHS376,11017,Human fecal samples,3
WHS377,9825,Human fecal samples,3
WHS378,9905,Human fecal samples,3
WHS379,9937,Human fecal samples,3
WHS380,9938,Human fecal samples,3
WHS381,9954,Human fecal samples,3
WHS382,10151,Human fecal samples,3
WHS383,10284,Human fecal samples,3
WHS384,684,Human fecal samples,3
WHS385,10383,Human fecal samples,3
WHS386,10385,Human fecal samples,3
WHS387,10441,Human fecal samples,3
WHS388,10480,Human fecal samples,3
WHS389,10529,Human fecal samples,3
WHS390,10581,Human fecal samples,3
WHS391,803,Human fecal samples,3
WHS392,10693,Human fecal samples,3
WHS393,10707,Human fecal samples,3
WHS394,10724,Human fecal samples,3
WHS395,10731,Human fecal samples,3
WHS396,10785,Human fecal samples,3
WHS397,10851,Human fecal samples,3
WHS398,10904,Human fecal samples,3
WHS399,10922,Human fecal samples,3
WHS400,10953,Human fecal samples,3
WHS401,10983,Human fecal samples,3
WHS402,10678,Human fecal samples,3